{
  "$schema": "http://json-schema.org/draft-07/schema#",
  "$id": "file:network_asset.json",
  "title": "Network",
  "description": "Network object consisting of roles, Nodes and Channels as part of an Asset",
  "type": "object",
  "properties": {
    "name": {
      "type": "string",
      "maxLength": 64
    },
    "slug": {
      "type": "string",
      "pattern": "^[-a-zA-Z0-9_]+$"
    },
    "roles": {
      "type": "object",
      "patternProperties": {
        "[A-Z][-a-zA-Z0-9_]*": {
          "type": "string"
        }
      }
    },
    "nodes": {
      "type": "array",
      "items": {
        "$ref": "file:node_asset.json"
      }
    },
    "channels": {
      "type": "array",
      "items": {
        "$ref": "file:channel_asset.json"
      }
    }
  },
  "required": [
    "slug"
  ],
  "additionalProperties": false
}
