{
  "$schema": "http://json-schema.org/draft-07/schema#",
  "$id": "file:roletemplate.json",
  "title": "RoleTemplate",
  "description": "Extension to the regular Template, specifying roles for which the template is applicable",
  "type": "object",
  "properties": {
    "slug": {
      "type": "string",
      "pattern": "^[-a-zA-Z0-9_]+$"
    },
    "values": {
      "type": "array",
      "items": {
        "properties": {
          "name": {
            "type": "string"
          },
          "value": {
            "type": ["string", "number", "boolean"]
          }
        }
      }
    },
    "roles": {
      "type": "array",
      "items": {
        "type": "string"
      }
    }
  },
  "additionalProperties": false
}
