[
  {
    "title": "Title for this input",
    "description": "Description of this input",
    "values": [
      {
        "name": "x",
        "default_value": 0,
        "minimum_value": 0,
        "maximum_value": 1,
        "unit": "",
        "scale_value": 1.0
      }
    ],
    "input_type": "number",
    "roles": [
      "role_name1"
    ]
  },
  {
    "title": "Title for this input",
    "description": "Description of this input",
    "values": [
      {
        "name": "phi",
        "default_value": 0.0,
        "minimum_value": 0.0,
        "maximum_value": 2.0,
        "unit": "rad",
        "scale_value": "pi"
      },
      {
        "name": "theta",
        "default_value": 0.0,
        "minimum_value": 0.0,
        "maximum_value": 1.0,
        "unit": "rad",
        "scale_value": "pi"
      }
    ],
    "input_type": "qubit",
    "roles": [
      "role_name2"
    ]
  },
  {
    "title": "Title for this input",
    "description": "This input is available for multiple roles",
    "values": [
      {
        "name": "y",
        "default_value": 0,
        "minimum_value": 0,
        "maximum_value": 1,
        "unit": "",
        "scale_value": 1.0
      }
    ],
    "input_type": "number",
    "roles": [
      "role_name1",
      "role_name2",
    ]
  }
]
