[
  {
    "title": "Title for this input",
    "description": "Description of this input",
    "values": [
      {
        "name": "x",
        "default_value": 0,
        "minimum_value": 0,
        "maximum_value": 1,
        "unit": "",
        "scale_value": 1.0
      }
    ],
    "input_type": "number",
    "roles": [
      "alice"
    ]
  },
  {
    "title": "Title for this input",
    "description": "Description of this input",
    "values": [
      {
        "name": "x",
        "default_value": 0,
        "minimum_value": 0,
        "maximum_value": 1,
        "unit": "",
        "scale_value": 1.0
      }
    ],
    "input_type": "number",
    "roles": [
      "bob"
    ]
  },
  {
    "title": "Title for this input",
    "description": "This input is available for multiple roles",
    "values": [
      {
        "name": "y",
        "default_value": 0,
        "minimum_value": 0,
        "maximum_value": 1,
        "unit": "",
        "scale_value": 1.0
      }
    ],
    "input_type": "number",
    "roles": [
      "alice",
      "bob"
    ]
  }
]